{"s":"ok","t":[1755388800,1755475200,1755561600,1755648000,1755734400,1755820800,1755907200,1755993600,1756080000,1756166400,1756252800,1756339200,1756425600,1756512000,1756598400,1756684800,1756771200,1756857600,1756944000,1757030400,1757116800,1757203200,1757289600,1757376000,1757462400,1757548800,1757635200,1757721600,1757808000,1757894400,1757980800,1758067200,1758153600,1758240000,1758326400,1758412800,1758499200,1758585600,1758672000,1758758400,1758844800,1758931200,1759017600,1759104000,1759190400,1759276800,1759363200,1759449600,1759536000,1759622400,1759708800,1759795200,1759881600,1759968000,1760054400,1760140800,1760227200,1760313600,1760400000,1760486400,1760572800,1760659200,1760745600,1760832000,1760918400,1761004800,1761091200,1761177600,1761264000,1761350400,1761436800,1761523200,1761609600,1761696000,1761782400,1761868800,1761955200,1762041600,1762128000,1762214400,1762300800,1762387200,1762473600,1762560000,1762646400,1762732800,1762819200,1762905600,1762992000,1763078400,1763164800,1763251200,1763337600,1763424000,1763510400,1763596800,1763683200,1763769600,1763856000,1763942400,1764028800,1764115200,1764201600,1764288000,1764374400,1764460800,1764547200,1764633600,1764720000,1764806400,1764892800,1764979200,1765065600,1765152000,1765238400,1765324800,1765411200,1765497600,1765584000,1765670400,1765756800,1765843200,1765929600,1766016000,1766102400,1766188800,1766275200,1766361600,1766448000,1766534400,1766620800,1766707200,1766793600,1766880000,1766966400,1767052800,1767139200,1767225600,1767312000,1767398400,1767484800,1767571200,1767657600,1767744000,1767830400,1767916800,1768003200,1768089600,1768176000,1768262400,1768348800,1768435200,1768521600,1768608000,1768694400,1768780800,1768867200,1768953600,1769040000,1769126400,1769212800,1769299200,1769385600,1769472000,1769558400,1769644800,1769731200,1769817600,1769904000,1769990400,1770076800,1770163200,1770249600,1770336000,1770422400,1770508800,1770595200,1770681600,1770768000,1770854400,1770940800,1771027200,1771113600,1771200000,1771286400,1771372800,1771459200,1771545600,1771632000,1771718400,1771804800,1771891200,1771977600,1772064000,1772150400,1772236800,1772323200,1772409600,1772496000,1772582400],"o":[117453.27093675,117479.51008648,116282.33440727,112861.19368944,114277.08683203,112474.60634568,116901.86576684,115390.49987223,113479.39830688,110128.16333857,111781.00937138,111264.72623781,112573.74797501,108378.46,108826.18986416,108256.07814733,109244.59528414,111240.39686436,111755.39863234,110739.74803851,110669.0,110222.22375568,111142.1025836,112076.11184732,111547.61819095,113982.92668321,115526.4218928,116104.89205187,115975.09496964,115326.84,115386.62671415,116832.55483635,116480.4152395,117120.47703142,115694.61401678,115747.71383087,115292.36980862,112740.5,112024.55734403,113349.62367136,109032.1,109699.2139159,109682.98038088,112205.785,114373.090341,114064.63527511,118661.60848473,120618.29721614,122306.92535936,122450.87434211,123515.97799436,124716.395,121396.19850148,123343.15532479,121714.54754505,112973.43916808,110768.81825271,115071.83628605,115265.1,113079.13632586,110804.11503008,108207.71165732,106469.9058107,107218.0964934,108682.49102478,110575.12321407,108360.80575959,107586.569652,110111.96090571,111036.48984314,111668.0,114562.30197736,114108.07224514,112916.03172113,110034.33720347,108307.73903777,109563.6103592,110060.2737165,110539.73543108,106558.10155337,101470.9286948,103888.21314194,101295.1158349,103294.42031328,102286.0,104704.15685093,105974.70004203,103017.11,101641.82,99631.3932012,94508.75,95541.6211708,94191.94793387,92108.01213604,92918.11060202,91472.0,86533.2680779,85073.62503411,84688.17830001,86808.28,88274.69089065,87332.095,90476.50210157,91325.80104905,90903.505,90829.68,90370.40275969,86290.41465291,91308.0,93458.69439591,92093.74025368,89349.0,89247.76,90408.61782355,90651.0,92690.41,92034.02685004,92532.98206251,90277.83766445,90256.93610248,88167.6,86421.53,87851.0239378,86214.28877754,85466.68420254,88094.58456445,88328.82224055,88636.86505329,88555.30097424,87430.16,87611.00477762,87180.85436706,87304.00358833,87814.19499999,87878.47501494,87135.30920654,88396.69,87514.54906439,88732.4337616,89959.26895345,90593.82,91498.0,93866.24929364,93714.01092861,91280.02871907,91028.36,90518.86186185,90387.55562048,90879.99503005,91196.2,95368.33578762,96950.84849472,95579.79266688,95515.27323857,95113.18942673,93635.25,92567.42525929,88318.92874667,89375.5021887,89469.43324711,89492.09928871,89088.5,86569.75409999,88251.79113397,89132.02874844,89167.0,84521.60311366,84129.54781583,78645.9326581,76895.57902,78670.74990235,75662.52712019,73016.83586222,62795.3484218,70528.86943693,69255.74866845,70287.87081494,70101.66398984,68801.7049885,67037.27331924,66214.93051415,68817.12813382,69788.54036856,68792.0,68861.71362945,67472.05103696,66433.72,66972.26813028,67993.16923989,67965.82178512,67616.32974003,64632.81800592,64061.77353029,67992.67674605,67486.662565,65867.5000625,66978.80412519,65772.36537961,68827.1,68337.00649674],"h":[118615.43878994,117620.65477036,116773.07132782,114621.91650621,114812.8043938,117415.96004656,116994.9899818,115624.25,113645.05625,112388.45503005,112637.67127489,113477.54845059,112637.90224743,108929.2475244,109493.31431328,109908.76286155,111776.12669305,112599.99751503,112222.3591423,113388.78462752,111317.95364716,111604.25871863,112931.69809954,113288.44772522,114327.52894318,115528.43697263,116795.61292195,116362.83736057,116219.10648127,116782.7875302,116998.15751502,117324.59358198,117962.16243767,117504.01624973,116186.93184827,115890.61856062,115430.95205626,113349.83932391,113996.75503001,113545.09193581,110371.0,109791.22,112374.401,114481.21900147,114841.25,118705.95238925,121100.27440002,123969.05751514,122885.0,125677.16932217,126270.5,125202.92256262,124220.52316432,123788.98625659,122561.66920565,113446.25,115831.71021988,116035.98675297,115511.31979458,113656.0,112015.17153503,109259.25942556,107529.81977,109494.06275883,111716.89811716,114051.74255401,109159.0,111332.3943135,112011.01738575,111944.75,115401.0,116377.05748779,116091.24,113654.0,111598.72515083,111071.74793545,110491.78121345,111207.64795574,110744.56,107267.41,104531.75,104186.5,104047.82517158,103352.51417571,105417.99515875,106627.45715206,107463.6097925,105303.1509738,104010.25345203,99815.37580499,96744.4972522,96556.7082573,95943.99751503,93764.85171973,92938.34,93073.5265832,87390.38687716,85545.5667342,88082.93018863,89210.5,88482.91503001,90616.95326949,91922.5,93046.52499998,91185.87442323,91969.615,90421.25,92322.87834561,94148.58,94081.74802909,92702.76370603,90281.0,91771.99,92289.83,94604.64104007,94486.44192713,93567.19,92767.20157038,90647.00850157,90484.90996408,90027.93000007,88136.0,90303.51,89416.29346793,89342.25,88521.44,89033.49000729,90525.63832822,88888.66362369,87973.89984079,88528.46894464,89483.29602607,87918.07,88008.90414961,90309.36611709,89311.04852384,89078.57632716,88802.55369619,90919.7476446,90687.34481205,91741.18318618,94781.59999999,94419.57861101,93714.2753448,91563.19749999,91934.73320369,90711.64972898,91148.48877154,92400.34426664,96209.673232,97914.4116083,97169.94730448,95820.4968638,95602.20245087,95487.90174332,93635.25,92803.02224991,90466.16241375,90272.90089049,91117.75,89799.39681519,89181.66952827,88756.6850121,89415.58084894,90464.71866302,89215.0,84598.77105602,84142.37283992,79326.00100802,79251.73063184,79119.02764337,76869.47000473,73179.35573253,71682.28,71625.24871399,72203.63751503,71384.19467155,70469.36280388,69245.15383518,68373.87943346,69395.0,70497.16,70945.47916419,70076.58167533,69172.40530825,68432.44385631,67288.86614003,68288.5,68675.83301433,68228.36814169,67656.29190995,64988.82644397,69964.28,68844.24638158,68210.50000001,67734.75,68190.17660688,70091.07000001,69237.23038755,72613.09178014],